{
  "project": {
    "w": 1920,
    "h": 1080
  },
  "from": {
    "bin": {
      "w": 1326,
      "h": 1080
    },
    "project": {
      "w": 1920,
      "h": 1080
    },
    "scale_mode": "none",
    "align": "right",
    "offset": {
      "x": 594,
      "y": 0
    },
    "uniform_scale": 1.0
  },
  "placements": [
    {
      "id": "Cave_77,_mural.jpg",
      "x": 600,
      "y": 6,
      "w": 657,
      "h": 491,
      "scale": 1.0265625,
      "w0": 640,
      "h0": 478
    },
    {
      "id": "Photo_of_Burial_&_Jade_Bi_Discs_(9967111853).jpg",
      "x": 1263,
      "y": 6,
      "w": 651,
      "h": 434,
      "scale": 1.0174064636230469,
      "w0": 640,
      "h0": 427
    },
    {
      "id": "Village_Snad_inside_Mountain_Orbata.jpg",
      "x": 1263,
      "y": 446,
      "w": 651,
      "h": 434,
      "scale": 1.0174064636230469,
      "w0": 640,
      "h0": 427
    },
    {
      "id": "Screenshot 2025-09-06 174041.png",
      "x": 600,
      "y": 503,
      "w": 657,
      "h": 408,
      "scale": 1.630272952853598,
      "w0": 403,
      "h0": 250
    }
  ]
}