{
  "project": {
    "w": 1920,
    "h": 1080
  },
  "from": {
    "bin": {
      "w": 1326,
      "h": 1080
    },
    "project": {
      "w": 1920,
      "h": 1080
    },
    "scale_mode": "none",
    "align": "right",
    "offset": {
      "x": 594,
      "y": 0
    },
    "uniform_scale": 1.0
  },
  "placements": [
    {
      "id": "pondering_the_orb.jpg",
      "x": 600,
      "y": 6,
      "w": 512,
      "h": 868,
      "scale": 0.9045936395759717,
      "w0": 566,
      "h0": 960
    },
    {
      "id": "freedobbey.jpg",
      "x": 1118,
      "y": 6,
      "w": 796,
      "h": 465,
      "scale": 0.8933782267115601,
      "w0": 891,
      "h0": 520
    },
    {
      "id": "gnome.jpg",
      "x": 1118,
      "y": 477,
      "w": 295,
      "h": 392,
      "scale": 0.913312693498452,
      "w0": 323,
      "h0": 429
    },
    {
      "id": "giga_chads.PNG",
      "x": 1419,
      "y": 477,
      "w": 495,
      "h": 307,
      "scale": 1.371191135734072,
      "w0": 361,
      "h0": 224
    }
  ]
}