{
  "project": {
    "w": 1920,
    "h": 1080
  },
  "from": {
    "bin": {
      "w": 1326,
      "h": 1080
    },
    "project": {
      "w": 1920,
      "h": 1080
    },
    "scale_mode": "none",
    "align": "right",
    "offset": {
      "x": 594,
      "y": 0
    },
    "uniform_scale": 1.0
  },
  "placements": [
    {
      "id": "Summer_Paradise_-_Flickr_-_Jaykhuang.jpg",
      "x": 600,
      "y": 6,
      "w": 405,
      "h": 607,
      "scale": 0.8093333333333333,
      "w0": 500,
      "h0": 750
    },
    {
      "id": "Peking_1930s.jpg",
      "x": 1011,
      "y": 6,
      "w": 777,
      "h": 549,
      "scale": 0.8097345132743363,
      "w0": 960,
      "h0": 678
    },
    {
      "id": "Jinsha_Stone_Bi_Disc_2.jpg",
      "x": 1125,
      "y": 561,
      "w": 770,
      "h": 513,
      "scale": 0.8020833333333334,
      "w0": 960,
      "h0": 640
    },
    {
      "id": "Peaceful_-_Flickr_-_Jaykhuang.jpg",
      "x": 600,
      "y": 619,
      "w": 519,
      "h": 346,
      "scale": 0.8109375,
      "w0": 640,
      "h0": 427
    }
  ]
}