{
  "bin": {
    "w": 1480,
    "h": 1080
  },
  "padding": 6,
  "seed": 42,
  "iters": 3,
  "coverage": 0.8406569069069069,
  "placements": [
    {
      "id": "wqkwy8CNJGgWVp9nZBSqXk.jpg",
      "x": 6,
      "y": 6,
      "w": 1237,
      "h": 696,
      "scale": 0.41232227488151657,
      "w0": 3000,
      "h0": 1688
    },
    {
      "id": "Screenshot 2025-09-02 173859.png",
      "x": 6,
      "y": 708,
      "w": 618,
      "h": 366,
      "scale": 0.40939597315436244,
      "w0": 1509,
      "h0": 894
    },
    {
      "id": "NASAlandscape-e1676046879582.jpg",
      "x": 630,
      "y": 708,
      "w": 701,
      "h": 366,
      "scale": 0.745417515274949,
      "w0": 940,
      "h0": 491
    }
  ]
}