{
  "project": {
    "w": 1920,
    "h": 1080
  },
  "from": {
    "bin": {
      "w": 1326,
      "h": 1080
    },
    "project": {
      "w": 1920,
      "h": 1080
    },
    "scale_mode": "none",
    "align": "right",
    "offset": {
      "x": 594,
      "y": 0
    },
    "uniform_scale": 1.0
  },
  "placements": [
    {
      "id": "Old_photo_of_Qingtian,_1935.png",
      "x": 600,
      "y": 6,
      "w": 657,
      "h": 642,
      "scale": 1.0265625,
      "w0": 640,
      "h0": 625
    },
    {
      "id": "亜細亜大観_08_014__山境淸閑_（蘇州）_.jpg",
      "x": 1263,
      "y": 6,
      "w": 651,
      "h": 469,
      "scale": 1.0174064636230469,
      "w0": 640,
      "h0": 461
    },
    {
      "id": "Screenshot 2025-09-06 174022.png",
      "x": 600,
      "y": 654,
      "w": 695,
      "h": 420,
      "scale": 2.1989528795811517,
      "w0": 316,
      "h0": 191
    }
  ]
}