{
  "project": {
    "w": 1920,
    "h": 1080
  },
  "from": {
    "bin": {
      "w": 1326,
      "h": 1080
    },
    "project": {
      "w": 1920,
      "h": 1080
    },
    "scale_mode": "none",
    "align": "right",
    "offset": {
      "x": 594,
      "y": 0
    },
    "uniform_scale": 1.0
  },
  "placements": [
    {
      "id": "wqkwy8CNJGgWVp9nZBSqXk.jpg",
      "x": 600,
      "y": 6,
      "w": 1237,
      "h": 696,
      "scale": 0.41232227488151657,
      "w0": 3000,
      "h0": 1688
    },
    {
      "id": "Screenshot 2025-09-02 173859.png",
      "x": 600,
      "y": 708,
      "w": 618,
      "h": 366,
      "scale": 0.40939597315436244,
      "w0": 1509,
      "h0": 894
    },
    {
      "id": "NASAlandscape-e1676046879582.jpg",
      "x": 1224,
      "y": 708,
      "w": 690,
      "h": 360,
      "scale": 0.7340425531914894,
      "w0": 940,
      "h0": 491
    }
  ]
}